reservation_id,probabilite_annulation,reservation_annulee
R002267,0.200838,0
R002852,0.127865,0
R003752,0.359981,1
R009926,0.29264,1
R000141,0.285688,1
R004537,0.296998,1
R004983,0.248843,1
R005365,0.245994,1
R006971,0.385282,1
R008403,0.460774,1
R008416,0.789637,1
R009595,0.237217,1
R009766,0.760181,1
R000233,0.075333,0
R000625,0.3037,1
R002042,0.339853,1
R003015,0.324551,1
R003117,0.23116,1
R003148,0.307234,1
R003676,0.100453,0
R006636,0.342135,1
R008171,0.083303,0
R002243,0.183883,0
R002302,0.186277,0
R002359,0.221491,1
R002654,0.089412,0
R003221,0.346742,1
R003380,0.288316,1
R004049,0.246888,1
R008147,0.341511,1
R009760,0.152397,0
R000979,0.372175,1
R003368,0.433396,1
R009905,0.342818,1
R002964,0.093441,0
R003403,0.359531,1
R003712,0.112775,0
R004881,0.145921,0
R006924,0.169216,0
R008031,0.109753,0
R009437,0.153684,0
R000644,0.376095,1
R002676,0.152191,0
R003419,0.091675,0
R005008,0.255386,1
R005401,0.319735,1
R005804,0.293449,1
R007627,0.102279,0
R007851,0.298978,1
R000525,0.370195,1
R002285,0.377544,1
R003011,0.096893,0
R004110,0.198799,0
R004282,0.083842,0
R004532,0.160938,0
R004992,0.061572,0
R009219,0.113607,0
R009479,0.047739,0
R009731,0.268452,1
R003408,0.280211,1
R004766,0.214801,0
R005476,0.096386,0
R009380,0.356688,1
R000792,0.110109,0
R001704,0.492803,1
R004631,0.271268,1
R005547,0.143374,0
R006305,0.126495,0
R008428,0.304581,1
R009641,0.08392,0
R000736,0.074651,0
R001176,0.463984,1
R002092,0.353989,1
R005356,0.323895,1
R007599,0.343432,1
R007696,0.14924,0
R007792,0.358336,1
R007832,0.302463,1
R008743,0.109348,0
R009077,0.100991,0
R009886,0.328324,1
R000268,0.261504,1
R004304,0.267801,1
R004455,0.196415,0
R005150,0.120269,0
R007424,0.116386,0
R004557,0.370301,1
R007129,0.24526,1
R007311,0.27737,1
R008725,0.153932,0
R008814,0.259528,1
R009426,0.218574,0
R000064,0.169578,0
R001270,0.228346,1
R002221,0.339552,1
R003274,0.315662,1
R007834,0.064024,0
R007847,0.364727,1
R008511,0.069428,0
R009727,0.112044,0
R001899,0.25404,1
R003259,0.126149,0
R003570,0.208227,0
R003800,0.251714,1
R005121,0.302609,1
R006029,0.324642,1
R006602,0.162946,0
R007495,0.197984,0
R009482,0.18878,0
R009883,0.375375,1
R001083,0.422929,1
R002503,0.144244,0
R002530,0.138479,0
R002531,0.073436,0
R004210,0.372295,1
R005248,0.561696,1
R006536,0.356009,1
R006819,0.105731,0
R008672,0.180136,0
R009043,0.182675,0
R009454,0.421529,1
R000662,0.33205,1
R002687,0.024226,0
R002940,0.683215,1
R003028,0.321771,1
R003673,0.393923,1
R005329,0.237466,1
R005607,0.297599,1
R001350,0.276949,1
R002425,0.364501,1
R002490,0.34769,1
R003061,0.044051,0
R003184,0.506845,1
R003367,0.157466,0
R003580,0.142743,0
R005333,0.394407,1
R006410,0.357053,1
R006745,0.405158,1
R008301,0.109319,0
R009668,0.217209,0
R001885,0.092457,0
R003843,0.258318,1
R006975,0.222641,1
R007622,0.313433,1
R008314,0.150369,0
R000576,0.333817,1
R000643,0.690605,1
R001751,0.117737,0
R002644,0.123443,0
R002915,0.194202,0
R004055,0.336019,1
R004080,0.110309,0
R004396,0.072995,0
R004487,0.15144,0
R004764,0.402469,1
R009236,0.221547,1
R009248,0.084177,0
R000868,0.057083,0
R001921,0.288031,1
R001980,0.096555,0
R003255,0.04857,0
R003352,0.735559,1
R004781,0.308491,1
R005451,0.24602,1
R008598,0.36731,1
R009008,0.269452,1
R009902,0.12232,0
R000840,0.136499,0
R004985,0.153696,0
R006216,0.54173,1
R006436,0.300153,1
R006517,0.254733,1
R007029,0.117578,0
R008694,0.493958,1
R009709,0.235774,1
R000053,0.102513,0
R001524,0.181733,0
R002217,0.076606,0
R003284,0.177984,0
R004852,0.08028,0
R006952,0.334103,1
R008413,0.200231,0
R009491,0.169751,0
R009891,0.254374,1
R000075,0.156858,0
R001443,0.282225,1
R001716,0.127072,0
R002219,0.057699,0
R003736,0.216821,0
R004279,0.369589,1
R005263,0.332208,1
R005940,0.373382,1
R006181,0.184655,0
R006240,0.251109,1
R006655,0.25526,1
R006996,0.434567,1
R007158,0.044059,0
R008257,0.091614,0
R001596,0.361358,1
R001679,0.158217,0
R003841,0.274199,1
R006340,0.216649,0
R007191,0.156513,0
R007815,0.304699,1
R008658,0.294515,1
R009907,0.337532,1
R009942,0.111806,0
R000237,0.183856,0
R000785,0.279329,1
R001208,0.124033,0
R001392,0.242701,1
R002478,0.113402,0
R003276,0.169751,0
R006442,0.084932,0
R007884,0.056349,0
R001513,0.147179,0
R002750,0.293782,1
R004480,0.258192,1
R004553,0.127318,0
R004966,0.19273,0
R005428,0.316482,1
R005716,0.260631,1
R006689,0.203554,0
R000301,0.494301,1
R001480,0.062446,0
R002874,0.142774,0
R002886,0.079734,0
R004994,0.300396,1
R006983,0.214232,0
R007743,0.249624,1
R008452,0.22041,1
R000114,0.058484,0
R003883,0.051081,0
R004393,0.553329,1
R004428,0.4539,1
R000405,0.366374,1
R001500,0.124315,0
R004001,0.317466,1
R004775,0.099153,0
R004956,0.048206,0
R006185,0.396063,1
R007996,0.142184,0
R008152,0.791356,1
R000292,0.189535,0
R001776,0.201004,0
R003776,0.393463,1
R004267,0.33665,1
R004402,0.143755,0
R004464,0.03484,0
R004736,0.123828,0
R005907,0.104026,0
R007594,0.374711,1
R007849,0.312776,1
R008701,0.419281,1
R000189,0.325578,1
R002993,0.113114,0
R004807,0.272723,1
R005911,0.090425,0
R006087,0.208503,0
R007408,0.114276,0
R007650,0.345958,1
R007983,0.331183,1
R009958,0.400918,1
R001614,0.10747,0
R002724,0.270967,1
R005149,0.081254,0
R006102,0.168859,0
R006813,0.511593,1
R008040,0.187552,0
R009103,0.144406,0
R009992,0.35487,1
R003647,0.059225,0
R006561,0.27025,1
R007852,0.112939,0
R007868,0.131138,0
R008491,0.289246,1
R008492,0.201858,0
R009222,0.090218,0
R001695,0.283987,1
R003579,0.273932,1
R004262,0.040357,0
R007818,0.352097,1
R008813,0.261162,1
R008825,0.241596,1
R008985,0.240357,1
R000288,0.276433,1
R000439,0.112914,0
R001522,0.202851,0
R003381,0.068821,0
R004522,0.210147,0
R009508,0.146499,0
R000853,0.370751,1
R001002,0.197421,0
R002642,0.341878,1
R006706,0.259056,1
R006959,0.104919,0
R009334,0.2942,1
R009553,0.140156,0
R000134,0.308797,1
R000854,0.043595,0
R001803,0.348859,1
R003302,0.234915,1
R005425,0.201139,0
R005552,0.237785,1
R008114,0.389425,1
R009787,0.235544,1
R009836,0.344423,1
R009889,0.226814,1
R009896,0.340577,1
R001429,0.316306,1
R004718,0.084916,0
R005411,0.134228,0
R005914,0.046116,0
R005941,0.222159,1
R007500,0.373501,1
R001983,0.099038,0
R002813,0.268393,1
R003430,0.18408,0
R005067,0.172822,0
R006452,0.425271,1
R006587,0.519258,1
R006889,0.069567,0
R006986,0.307432,1
R008718,0.172047,0
R008758,0.304167,1
R000287,0.193466,0
R001583,0.317767,1
R001995,0.166048,0
R002518,0.104215,0
R002522,0.233348,1
R003667,0.425984,1
R004177,0.26661,1
R004820,0.271973,1
R005244,0.406947,1
R005653,0.295835,1
R008122,0.190819,0
R008245,0.27893,1
R008394,0.25544,1
R001709,0.588148,1
R003083,0.313454,1
R003852,0.387471,1
R004333,0.589064,1
R007999,0.420509,1
R008312,0.118411,0
R009879,0.238041,1
R000056,0.238363,1
R000121,0.230563,1
R002149,0.170488,0
R004459,0.259869,1
R006054,0.372859,1
R000006,0.282255,1
R000042,0.206866,0
R001033,0.261834,1
R001219,0.365628,1
R003132,0.197146,0
R003554,0.041387,0
R003815,0.344647,1
R003851,0.322516,1
R003927,0.308737,1
R004313,0.145662,0
R004405,0.274148,1
R005052,0.487566,1
R006055,0.584061,1
R006125,0.280024,1
R006273,0.167099,0
R006384,0.373279,1
R006693,0.169586,0
R007836,0.200963,0
R008282,0.176992,0
R009885,0.039078,0
R001021,0.230485,1
R001188,0.265478,1
R001985,0.221252,1
R002878,0.410433,1
R003681,0.232514,1
R005820,0.342985,1
R007519,0.108823,0
R009492,0.476097,1
R009821,0.216492,0
R000593,0.325307,1
R000733,0.337624,1
R001172,0.272061,1
R001379,0.593417,1
R001951,0.0864,0
R002641,0.30653,1
R003183,0.284076,1
R004265,0.237139,1
R006712,0.399391,1
R009588,0.28535,1
R000059,0.085017,0
R000265,0.365521,1
R000406,0.506936,1
R001641,0.063867,0
R002352,0.328397,1
R004559,0.358823,1
R005783,0.074315,0
R006534,0.148463,0
R009531,0.181769,0
R000081,0.170642,0
R000186,0.178847,0
R001027,0.069464,0
R002782,0.175765,0
R002807,0.322588,1
R002838,0.121375,0
R003817,0.22547,1
R004359,0.163931,0
R004373,0.139712,0
R005063,0.211577,0
R006206,0.050529,0
R006514,0.466212,1
R007661,0.199043,0
R009789,0.323176,1
R003606,0.225394,1
R004092,0.336667,1
R004179,0.426225,1
R006223,0.225768,1
R006943,0.372007,1
R008244,0.286383,1
R008408,0.103436,0
R008921,0.231042,1
R009096,0.048483,0
R000528,0.283395,1
R001812,0.31518,1
R001986,0.043183,0
R002034,0.204365,0
R004250,0.179201,0
R004385,0.216,0
R007702,0.26514,1
R007720,0.310812,1
R008759,0.19818,0
R008768,0.315552,1
R009030,0.282428,1
R009119,0.286583,1
R000388,0.255449,1
R002228,0.239665,1
R002646,0.473689,1
R002901,0.253285,1
R003341,0.234004,1
R004716,0.098899,0
R007185,0.133172,0
R008060,0.095864,0
R008812,0.163851,0
R000182,0.194204,0
R000417,0.28347,1
R000565,0.177399,0
R000626,0.203629,0
R002507,0.291984,1
R002761,0.313342,1
R003251,0.240892,1
R004946,0.427704,1
R006362,0.273579,1
R006678,0.384869,1
R006915,0.183611,0
R006941,0.147244,0
R007205,0.083817,0
R008850,0.348084,1
R009386,0.126948,0
R009973,0.200493,0
R000737,0.168412,0
R002543,0.263001,1
R004297,0.233461,1
R005903,0.26965,1
R006277,0.331513,1
R008753,0.326476,1
R009173,0.164229,0
R009950,0.197696,0
R000726,0.409672,1
R001032,0.310736,1
R002906,0.378513,1
R004273,0.062589,0
R004707,0.350761,1
R004891,0.149266,0
R005925,0.330583,1
R006342,0.242641,1
R006657,0.356337,1
R009682,0.332841,1
R000524,0.414235,1
R000554,0.089591,0
R000911,0.086069,0
R001526,0.285677,1
R001842,0.148168,0
R002966,0.268456,1
R003710,0.358157,1
R004912,0.387723,1
R004959,0.22889,1
R005482,0.472533,1
R006043,0.284592,1
R006543,0.11435,0
R007614,0.270489,1
R009844,0.508999,1
R001280,0.588167,1
R001377,0.302699,1
R001939,0.22557,1
R002971,0.434126,1
R005104,0.254998,1
R006298,0.111289,0
R006396,0.163573,0
R007563,0.188871,0
R009825,0.176667,0
R001250,0.406636,1
R003155,0.267437,1
R003829,0.360898,1
R004430,0.328385,1
R006139,0.399262,1
R004018,0.397465,1
R004346,0.207681,0
R007580,0.267563,1
R008207,0.275823,1
R009389,0.298547,1
R009827,0.37513,1
R001011,0.096428,0
R001563,0.052,0
R002150,0.102263,0
R003609,0.332699,1
R004510,0.121837,0
R006300,0.244369,1
R008055,0.203771,0
R008521,0.051546,0
R000544,0.209831,0
R000658,0.322477,1
R001100,0.212534,0
R001710,0.393687,1
R002002,0.152403,0
R006201,0.25411,1
R008251,0.351288,1
R000153,0.381655,1
R002247,0.431296,1
R003268,0.126711,0
R003908,0.243463,1
R004281,0.464343,1
R005728,0.081933,0
R006033,0.190728,0
R007039,0.237533,1
R009135,0.267028,1
R009818,0.304854,1
R001020,0.487325,1
R001093,0.179002,0
R003176,0.200298,0
R004068,0.425705,1
R004320,0.15652,0
R004568,0.268407,1
R006016,0.163426,0
R007087,0.161826,0
R007770,0.230407,1
R001137,0.195095,0
R001374,0.178369,0
R001736,0.246578,1
R001769,0.227366,1
R002871,0.247466,1
R006373,0.102763,0
R006509,0.241579,1
R008047,0.275641,1
R008951,0.161764,0
R009806,0.063594,0
R000365,0.348005,1
R000384,0.456647,1
R001877,0.162253,0
R003103,0.103226,0
R003517,0.414766,1
R005584,0.327196,1
R006690,0.074075,0
R007826,0.151804,0
R008724,0.443072,1
R009406,0.364948,1
R009549,0.211881,0
R001122,0.150491,0
R002597,0.315894,1
R002847,0.058315,0
R003382,0.339828,1
R006754,0.439323,1
R001341,0.363947,1
R001767,0.078749,0
R003393,0.333608,1
R008818,0.219113,0
R008908,0.321244,1
R009649,0.149994,0
R000196,0.098252,0
R001582,0.173842,0
R002305,0.034322,0
R003135,0.229478,1
R007075,0.367437,1
R008795,0.120756,0
R009133,0.087316,0
R002963,0.269821,1
R002970,0.086568,0
R004978,0.374964,1
R005840,0.2218,1
R006837,0.352372,1
R007301,0.141156,0
R008170,0.128561,0
R009225,0.162914,0
R000357,0.311438,1
R000457,0.253612,1
R001490,0.30491,1
R001547,0.401494,1
R002086,0.197849,0
R003072,0.391352,1
R003355,0.164706,0
R003806,0.450978,1
R004242,0.269482,1
R005418,0.249987,1
R006468,0.336682,1
R007455,0.167139,0
R007493,0.088113,0
R007680,0.253431,1
R008426,0.260801,1
R009582,0.198006,0
R009664,0.082125,0
R001046,0.099766,0
R002236,0.331301,1
R002582,0.099518,0
R002952,0.061695,0
R005674,0.187349,0
R005899,0.315707,1
R006316,0.159246,0
R006411,0.301655,1
R007370,0.251146,1
R007525,0.312083,1
R007768,0.142854,0
R007923,0.221764,1
R008592,0.146381,0
R009365,0.058246,0
R009831,0.169683,0
R001945,0.231314,1
R003945,0.053183,0
R004020,0.244724,1
R004589,0.121258,0
R005934,0.128837,0
R006177,0.078991,0
R008071,0.238507,1
R008313,0.282014,1
R009025,0.36949,1
R009210,0.070193,0
R001527,0.111311,0
R002079,0.455128,1
R002322,0.225339,1
R004884,0.394075,1
R007323,0.30154,1
R008250,0.683315,1
R008580,0.25572,1
R001354,0.446405,1
R002934,0.105498,0
R005750,0.155042,0
R006013,0.351908,1
R008675,0.086125,0
R008695,0.146236,0
R008884,0.248232,1
R002240,0.26042,1
R002268,0.048254,0
R002590,0.338825,1
R002891,0.254362,1
R003314,0.267873,1
R003470,0.425709,1
R005026,0.319332,1
R006417,0.242598,1
R006613,0.355682,1
R007044,0.289864,1
R008061,0.148373,0
R009163,0.185845,0
R004317,0.326094,1
R005298,0.361108,1
R006354,0.248313,1
R007164,0.289313,1
R007325,0.212849,0
R009323,0.233306,1
R002483,0.422152,1
R002801,0.150184,0
R005032,0.325891,1
R006454,0.257615,1
R006872,0.160511,0
R008331,0.382641,1
R009152,0.150752,0
R009522,0.063576,0
R009669,0.210461,0
R009711,0.055529,0
R001047,0.180142,0
R001662,0.296834,1
R002357,0.368684,1
R005377,0.315242,1
R005395,0.354972,1
R006978,0.363787,1
R000987,0.11706,0
R001584,0.194273,0
R002677,0.296473,1
R002785,0.214583,0
R003214,0.297888,1
R004211,0.173103,0
R007879,0.094337,0
R008086,0.106791,0
R008666,0.295131,1
R008740,0.320308,1
R009644,0.318333,1
R000739,0.315618,1
R003457,0.181567,0
R003964,0.229206,1
R004739,0.124954,0
R005053,0.177236,0
R006218,0.327696,1
R008938,0.144343,0
R009570,0.280568,1
R009589,0.430945,1
R002402,0.228113,1
R003172,0.185851,0
R003340,0.335387,1
R003445,0.362982,1
R003597,0.25966,1
R004391,0.090212,0
R005457,0.277147,1
R005551,0.218105,0
R006256,0.282642,1
R009185,0.406684,1
R000722,0.073207,0
R000749,0.456254,1
R000989,0.254198,1
R001082,0.27468,1
R001740,0.078074,0
R002423,0.285786,1
R002429,0.257391,1
R005353,0.218785,0
R005897,0.222717,1
R006255,0.063348,0
R006614,0.391448,1
R009355,0.272373,1
R009448,0.161929,0
R001428,0.203186,0
R002420,0.255721,1
R005281,0.035742,0
R006654,0.195795,0
R008233,0.520743,1
R008781,0.153946,0
R009390,0.36687,1
R000799,0.343279,1
R002037,0.052851,0
R002453,0.276438,1
R002996,0.203988,0
R004563,0.165413,0
R004661,0.340389,1
R005133,0.057648,0
R006459,0.089013,0
R007008,0.324472,1
R008270,0.295904,1
R000548,0.15919,0
R001263,0.160502,0
R001267,0.330208,1
R001755,0.101988,0
R002122,0.136108,0
R002904,0.127898,0
R003262,0.111412,0
R004039,0.408334,1
R004089,0.094902,0
R004278,0.24437,1
R004574,0.221236,1
R005947,0.25473,1
R006237,0.302498,1
R006665,0.250857,1
R008594,0.104554,0
R008649,0.21894,0
R000034,0.36683,1
R001783,0.125563,0
R001953,0.202588,0
R002881,0.308359,1
R004776,0.394494,1
R005078,0.094451,0
R006343,0.309473,1
R006616,0.334903,1
R007038,0.186925,0
R008212,0.090545,0
R002648,0.364414,1
R002959,0.379929,1
R003462,0.322834,1
R004375,0.195278,0
R005355,0.099361,0
R006412,0.330178,1
R008258,0.226946,1
R009951,0.243263,1
R001822,0.170212,0
R001981,0.561547,1
R002805,0.274358,1
R003418,0.271145,1
R006530,0.15908,0
R007422,0.18687,0
R000423,0.233572,1
R001186,0.052595,0
R001378,0.037046,0
R002301,0.23466,1
R002630,0.075575,0
R003663,0.120692,0
R003808,0.218629,0
R004650,0.035407,0
R004747,0.477304,1
R005553,0.18434,0
R006532,0.074659,0
R006799,0.266919,1
R007116,0.20956,0
R009379,0.195136,0
R000965,0.024302,0
R001119,0.300011,1
R001318,0.091155,0
R001937,0.326161,1
R002253,0.072996,0
R003782,0.126176,0
R003890,0.378462,1
R004152,0.04359,0
R006877,0.244569,1
R007210,0.212852,0
R008128,0.241847,1
R008151,0.293542,1
R009201,0.142991,0
R009847,0.229639,1
R000560,0.223513,1
R003288,0.166011,0
R003869,0.098367,0
R004048,0.09559,0
R004306,0.226799,1
R004632,0.151147,0
R006047,0.255615,1
R006359,0.334139,1
R008179,0.249136,1
R009577,0.328945,1
R009758,0.228266,1
R002931,0.076669,0
R002944,0.254564,1
R005807,0.200969,0
R006088,0.274013,1
R009784,0.20788,0
R000090,0.502618,1
R000852,0.345272,1
R001286,0.220413,1
R001322,0.092969,0
R003180,0.378761,1
R003258,0.144251,0
R003899,0.378196,1
R005730,0.231292,1
R006428,0.421867,1
R006933,0.058825,0
R008382,0.195466,0
R009563,0.109825,0
R000514,0.195158,0
R000556,0.277247,1
R005456,0.269972,1
R006421,0.174277,0
R007830,0.157234,0
R008283,0.473985,1
R008601,0.177422,0
R009465,0.127431,0
R000067,0.312304,1
R000703,0.648306,1
R001059,0.249155,1
R002035,0.270656,1
R002855,0.144847,0
R003203,0.189658,0
R005233,0.426938,1
R006162,0.071627,0
R006224,0.027064,0
R006863,0.31999,1
R008172,0.696788,1
R008637,0.301598,1
R009316,0.328678,1
R009344,0.181498,0
R002440,0.507705,1
R002689,0.236069,1
R004512,0.34052,1
R006176,0.108093,0
R006835,0.390011,1
R006958,0.197867,0
R007057,0.099365,0
R008074,0.260246,1
R008696,0.041782,0
R000296,0.245243,1
R002148,0.16136,0
R003060,0.216441,0
R003201,0.200774,0
R003887,0.227472,1
R004577,0.29815,1
R005595,0.332251,1
R006499,0.059761,0
R008177,0.105498,0
R009116,0.081616,0
R009347,0.384582,1
R009750,0.08504,0
R000018,0.238296,1
R000200,0.208726,0
R002872,0.052988,0
R003508,0.103547,0
R004169,0.356214,1
R004207,0.462506,1
R004828,0.091059,0
R006286,0.355252,1
R004497,0.372726,1
R006311,0.315545,1
R008121,0.083573,0
R008843,0.110306,0
R008846,0.040707,0
R009050,0.28919,1
R009063,0.203877,0
R009584,0.174395,0
R009707,0.267456,1
R001461,0.156461,0
R001542,0.268553,1
R005689,0.212779,0
R005731,0.134162,0
R007281,0.165943,0
R007675,0.198453,0
R008390,0.098436,0
R009020,0.201407,0
R000143,0.12457,0
R000903,0.234605,1
R001476,0.213831,0
R002246,0.125982,0
R002459,0.235753,1
R002479,0.301162,1
R002978,0.351219,1
R003553,0.171517,0
R004501,0.248873,1
R004701,0.311156,1
R005594,0.176265,0
R006400,0.113857,0
R007024,0.121545,0
R008853,0.093994,0
R009045,0.328989,1
R009908,0.278981,1
R000069,0.126339,0
R003104,0.369195,1
R005349,0.14884,0
R006686,0.136141,0
R008575,0.102662,0
R009088,0.160377,0
R009182,0.038778,0
R000575,0.044298,0
R001996,0.321864,1
R003397,0.218579,0
R004021,0.24019,1
R004263,0.285063,1
R004540,0.135382,0
R004737,0.184892,0
R005705,0.061888,0
R005754,0.119978,0
R006325,0.080718,0
R000073,0.026439,0
R000994,0.162587,0
R004792,0.107452,0
R004875,0.368944,1
R005278,0.162661,0
R007373,0.278471,1
R007487,0.078762,0
R008719,0.296711,1
R008869,0.06846,0
R009305,0.136686,0
R001151,0.068211,0
R001340,0.227038,1
R003080,0.346297,1
R003879,0.289715,1
R004162,0.164228,0
R004368,0.208925,0
R005106,0.314727,1
R007251,0.26894,1
R009970,0.262049,1
R003098,0.390001,1
R003867,0.191989,0
R004066,0.279143,1
R004188,0.195855,0
R004192,0.220448,1
R005442,0.159102,0
R005453,0.470959,1
R005567,0.208773,0
R005805,0.344574,1
R007579,0.279856,1
R008124,0.220994,1
R009366,0.296728,1
R009676,0.259457,1
R009710,0.252254,1
R000026,0.072421,0
R002054,0.175692,0
R002656,0.064552,0
R003157,0.249222,1
R004108,0.537183,1
R004142,0.216523,0
R004322,0.067573,0
R005978,0.18387,0
R007368,0.092163,0
R007899,0.198853,0
R008805,0.161612,0
R000226,0.168485,0
R000247,0.152844,0
R000433,0.105936,0
R002016,0.106166,0
R003718,0.094457,0
R005835,0.140036,0
R007776,0.144479,0
R007881,0.310392,1
R008410,0.561814,1
R009934,0.507768,1
R001170,0.275085,1
R001919,0.067763,0
R001967,0.256263,1
R005951,0.719624,1
R006723,0.164706,0
R008044,0.202243,0
R000564,0.11601,0
R001455,0.142277,0
R006235,0.16657,0
R006695,0.174235,0
R008202,0.347364,1
R000680,0.392458,1
R001160,0.107119,0
R001765,0.380952,1
R002740,0.239382,1
R006882,0.203507,0
R006981,0.237625,1
R007955,0.264081,1
R009081,0.116826,0
R001586,0.270982,1
R003550,0.053283,0
R003689,0.292862,1
R004182,0.116303,0
R004240,0.536921,1
R005211,0.321132,1
R007201,0.23183,1
R007407,0.124755,0
R007801,0.391652,1
R008085,0.272516,1
R008765,0.225039,1
R009487,0.120532,0
R000649,0.171315,0
R003066,0.130535,0
R003159,0.056923,0
R004973,0.270509,1
R005511,0.123772,0
R005760,0.127032,0
R006791,0.203373,0
R008294,0.105932,0
R008296,0.113434,0
R008671,0.172164,0
R002586,0.360772,1
R003427,0.222852,1
R003794,0.159993,0
R004008,0.072533,0
R004019,0.115041,0
R005954,0.057934,0
R006617,0.878055,1
R006676,0.086666,0
R007183,0.31622,1
R009327,0.110406,0
R000070,0.254336,1
R000825,0.226069,1
R001660,0.107194,0
R003102,0.13085,0
R004687,0.403249,1
R005968,0.14255,0
R006942,0.211784,0
R007346,0.128421,0
R008722,0.190595,0
R000861,0.20687,0
R002114,0.259845,1
R003356,0.263559,1
R005016,0.191286,0
R005905,0.14887,0
R005906,0.133765,0
R008723,0.089273,0
R009349,0.087759,0
R000812,0.208849,0
R002207,0.121422,0
R002316,0.192676,0
R002486,0.208022,0
R004222,0.672415,1
R004850,0.270522,1
R005935,0.485684,1
R006622,0.276835,1
R007824,0.109596,0
R008036,0.337009,1
R000945,0.109911,0
R001516,0.224469,1
R003079,0.260338,1
R003761,0.206507,0
R005030,0.276054,1
R005733,0.224416,1
R007389,0.241931,1
R007492,0.044507,0
R008033,0.325034,1
R008169,0.19716,0
R009618,0.188332,0
R000470,0.223372,1
R001104,0.071446,0
R002248,0.133605,0
R003329,0.077055,0
R007667,0.473387,1
R001144,0.096767,0
R002295,0.085018,0
R002577,0.055444,0
R006767,0.326522,1
R008162,0.072599,0
R008670,0.47021,1
R009523,0.34524,1
R009856,0.120623,0
R000483,0.095019,0
R001733,0.298399,1
R002201,0.070129,0
R002448,0.249961,1
R003790,0.386278,1
R006106,0.063377,0
R006890,0.239477,1
R007142,0.145898,0
R007856,0.14763,0
R009526,0.110413,0
R002249,0.197306,0
R003186,0.172528,0
R006166,0.379142,1
R006221,0.336666,1
R006251,0.301417,1
R007001,0.123707,0
R009499,0.141575,0
R002287,0.036146,0
R002318,0.298083,1
R002770,0.297954,1
R002896,0.149338,0
R003758,0.058834,0
R004475,0.05344,0
R004674,0.180264,0
R006128,0.257164,1
R007676,0.178325,0
R007946,0.41895,1
R008539,0.26482,1
R008593,0.171087,0
R008716,0.216308,0
R008777,0.23157,1
R008791,0.144014,0
R009035,0.338318,1
R000091,0.175817,0
R000398,0.270201,1
R001175,0.046364,0
R005317,0.109379,0
R005546,0.085007,0
R005633,0.238292,1
R008630,0.135906,0
R008988,0.106919,0
R000765,0.29312,1
R001829,0.253402,1
R002120,0.102389,0
R003930,0.201305,0
R006239,0.198638,0
R007432,0.217351,0
R007907,0.18552,0
R008364,0.500852,1
R009258,0.119973,0
R000240,0.239698,1
R000912,0.116476,0
R006155,0.23475,1
R006287,0.063422,0
R008680,0.094801,0
R009314,0.073997,0
R009532,0.597002,1
R001914,0.187398,0
R002229,0.198133,0
R002361,0.096927,0
R003917,0.068844,0
R005836,0.196182,0
R005992,0.378269,1
R007914,0.263183,1
R000919,0.233782,1
R001307,0.161883,0
R001400,0.037694,0
R001537,0.07568,0
R001637,0.093384,0
R002447,0.127041,0
R002691,0.360076,1
R005253,0.319203,1
R005625,0.304365,1
R009937,0.477086,1
R009978,0.235525,1
R000317,0.284621,1
R000578,0.070681,0
R001502,0.215386,0
R001711,0.339104,1
R003277,0.145308,0
R003915,0.290276,1
R005600,0.094574,0
R006771,0.188401,0
R008968,0.236003,1
R009075,0.20544,0
R009168,0.385323,1
R009764,0.144864,0
R000934,0.230759,1
R003147,0.30292,1
R003230,0.521907,1
R007891,0.276587,1
R008714,0.27543,1
R001433,0.454689,1
R003901,0.341113,1
R004155,0.157704,0
R005996,0.212809,0
R006900,0.131287,0
R007081,0.231334,1
R007250,0.318529,1
R001396,0.218643,0
R003459,0.281248,1
R005337,0.135876,0
R000185,0.162869,0
R000426,0.248943,1
R000588,0.426646,1
R000589,0.130978,0
R000776,0.277808,1
R000885,0.192358,0
R001373,0.087626,0
R001403,0.123691,0
R001610,0.11296,0
R002143,0.432003,1
R004521,0.078023,0
R005960,0.278542,1
R007247,0.50888,1
R008438,0.062202,0
R009674,0.143568,0
R000341,0.214331,0
R000487,0.355054,1
R001085,0.269969,1
R003003,0.104499,0
R003561,0.30154,1
R004070,0.312346,1
R004147,0.359618,1
R004918,0.144575,0
R005170,0.049974,0
R005225,0.203943,0
R006934,0.312114,1
R007071,0.177658,0
R008875,0.095281,0
R000005,0.422383,1
R000600,0.245761,1
R002809,0.27948,1
R002869,0.129336,0
R003254,0.648758,1
R005572,0.279237,1
R006053,0.403096,1
R001726,0.200151,0
R002029,0.140634,0
R002110,0.165018,0
R002474,0.147578,0
R003051,0.370188,1
R003785,0.269387,1
R004036,0.058076,0
R005341,0.255505,1
R005533,0.514745,1
R006521,0.352642,1
R008067,0.17026,0
R009243,0.102999,0
R000709,0.153969,0
R000887,0.373376,1
R002064,0.306263,1
R002491,0.322052,1
R003433,0.138295,0
R003959,0.119614,0
R008218,0.227977,1
R008643,0.214441,0
R000898,0.285903,1
R001299,0.184628,0
R001672,0.421631,1
R002220,0.135668,0
R002266,0.118025,0
R002853,0.055639,0
R004844,0.181366,0
R005491,0.146645,0
R006792,0.278258,1
R001079,0.433678,1
R001608,0.06977,0
R001721,0.201011,0
R001778,0.268413,1
R003827,0.30604,1
R003911,0.29925,1
R005799,0.030201,0
R007189,0.463581,1
R007643,0.182349,0
R008623,0.375787,1
R000555,0.212314,0
R001498,0.156347,0
R001625,0.07436,0
R004302,0.18839,0
R006369,0.387546,1
R006957,0.344506,1
R007878,0.164381,0
R008434,0.342962,1
R008823,0.258486,1
R009170,0.340902,1
R009705,0.105195,0
R001870,0.317764,1
R002123,0.090638,0
R002255,0.776129,1
R003909,0.384511,1
R005231,0.285116,1
R005801,0.241061,1
R005981,0.376524,1
R006859,0.333419,1
R009403,0.213765,0
R009528,0.23242,1
R009808,0.430151,1
R001987,0.10164,0
R005443,0.243803,1
R006743,0.148753,0
R007262,0.263988,1
R007611,0.204469,0
R009620,0.255024,1
R000094,0.246573,1
R000285,0.483274,1
R000771,0.11193,0
R001130,0.30365,1
R001402,0.09505,0
R001703,0.343867,1
R001904,0.196812,0
R002371,0.227882,1
R002563,0.065551,0
R004154,0.426403,1
R007928,0.451923,1
R007968,0.17389,0
R008285,0.369449,1
R000599,0.115098,0
R000769,0.187855,0
R002250,0.311844,1
R003687,0.092035,0
R007629,0.062531,0
R008278,0.42409,1
R001988,0.305753,1
R002094,0.477416,1
R003252,0.143045,0
R003521,0.237586,1
R003737,0.099385,0
R006302,0.333413,1
R006852,0.072263,0
R009427,0.276896,1
R000413,0.299233,1
R004045,0.194277,0
R005623,0.059192,0
R005668,0.125767,0
R006506,0.247308,1
R007855,0.395774,1
R008687,0.195932,0
R009146,0.399175,1
R009547,0.201194,0
R000330,0.174448,0
R003865,0.138882,0
R004084,0.056882,0
R004363,0.253531,1
R007021,0.159603,0
R007605,0.303357,1
R009592,0.219523,0
R009807,0.191628,0
R001412,0.528562,1
R005683,0.36682,1
R006203,0.315113,1
R007509,0.261681,1
R008144,0.13145,0
R000031,0.425224,1
R000381,0.056667,0
R002009,0.360923,1
R002206,0.170436,0
R002488,0.245998,1
R003589,0.11142,0
R004094,0.335924,1
R004965,0.380025,1
R006248,0.404404,1
R006418,0.297485,1
R009688,0.249104,1
R000373,0.341927,1
R002516,0.366597,1
R002707,0.166591,0
R003873,0.250362,1
R004364,0.407866,1
R008372,0.122876,0
R008839,0.287835,1
R009121,0.365594,1
R004703,0.678433,1
R004962,0.30243,1
R005079,0.423483,1
R005550,0.104411,0
R005813,0.283491,1
R006077,0.338535,1
R008167,0.23058,1
R002326,0.330897,1
R002339,0.303932,1
R002683,0.112506,0
R005274,0.204901,0
R005891,0.43247,1
R007903,0.063306,0
R008137,0.184887,0
R000313,0.369243,1
R003005,0.09268,0
R004433,0.05614,0
R004930,0.095099,0
R005939,0.187958,0
R006545,0.096628,0
R008216,0.209994,0
R000374,0.368009,1
R002050,0.323832,1
R002699,0.161737,0
R002939,0.319858,1
R003939,0.573437,1
R006524,0.099644,0
R007289,0.229403,1
R008103,0.122847,0
R008691,0.190272,0
R002340,0.559006,1
R003283,0.271247,1
R004370,0.112847,0
R005927,0.303203,1
R005971,0.055467,0
R006357,0.212785,0
R008855,0.092074,0
R000269,0.311043,1
R000289,0.100581,0
R000890,0.116701,0
R002018,0.343827,1
R003603,0.279517,1
R005819,0.212494,0
R007259,0.36228,1
R007617,0.194219,0
R008129,0.390929,1
R008383,0.209938,0
R008741,0.077629,0
R009306,0.248167,1
R000054,0.359525,1
R001253,0.127463,0
R003425,0.143342,0
R004919,0.536296,1
R006263,0.193494,0
R006313,0.497119,1
R009140,0.224408,1
R000546,0.117193,0
R001404,0.200009,0
R002987,0.059133,0
R003018,0.371996,1
R003641,0.106761,0
R003818,0.256263,1
R005957,0.149104,0
R006556,0.478036,1
R008877,0.083288,0
R009495,0.117073,0
R009496,0.249516,1
R009715,0.198855,0
R009752,0.224956,1
R001469,0.126994,0
R002028,0.243195,1
R003101,0.405143,1
R004023,0.167057,0
R006063,0.083799,0
R006150,0.321256,1
R009702,0.279336,1
R000072,0.216112,0
R000725,0.114062,0
R001568,0.302323,1
R006920,0.272081,1
R008405,0.297416,1
R000318,0.187846,0
R003056,0.215015,0
R003467,0.209496,0
R006036,0.131207,0
R007348,0.190798,0
R007482,0.300278,1
R007483,0.32863,1
R007621,0.51071,1
R007890,0.219549,0
R008711,0.317703,1
R009767,0.127305,0
R001884,0.265751,1
R002946,0.19985,0
R005074,0.373109,1
R005530,0.435518,1
R006512,0.254658,1
R007975,0.131952,0
R008356,0.078054,0
R008684,0.321154,1
R008960,0.330422,1
R000312,0.073447,0
R001024,0.109287,0
R001570,0.395447,1
R002019,0.402708,1
R002291,0.070005,0
R003093,0.345832,1
R003202,0.174024,0
R004407,0.29651,1
R006157,0.213068,0
R006227,0.563637,1
R007274,0.436373,1
R008195,0.384193,1
R008518,0.25337,1
R009319,0.290277,1
R009396,0.225793,1
R000272,0.292874,1
R000511,0.118284,0
R001138,0.228801,1
R005641,0.183824,0
R005667,0.177583,0
R007700,0.331412,1
R008376,0.182647,0
R008656,0.404937,1
R008889,0.389052,1
R009128,0.228036,1
R001347,0.305838,1
R001616,0.13023,0
R003464,0.265042,1
R003533,0.439175,1
R003755,0.13396,0
R003886,0.253141,1
R005596,0.175005,0
R006618,0.056102,0
R006765,0.118586,0
R000635,0.136173,0
R002093,0.242224,1
R004392,0.256568,1
R006323,0.235639,1
R007754,0.139605,0
R008989,0.512302,1
R009434,0.087067,0
R004426,0.090482,0
R004580,0.123136,0
R006408,0.104567,0
R007439,0.079569,0
R007513,0.354056,1
R009542,0.444554,1
R001075,0.143304,0
R001748,0.153864,0
R002526,0.124472,0
R002545,0.457242,1
R002631,0.11241,0
R005066,0.200663,0
R007290,0.233628,1
R007382,0.289583,1
R007772,0.24015,1
R009955,0.298909,1
R001551,0.249669,1
R003717,0.22063,1
R005647,0.421334,1
R006568,0.247646,1
R006857,0.427992,1
R006861,0.5029,1
R007105,0.150381,0
R008010,0.181342,0
R008029,0.39077,1
R008546,0.147634,0
R009782,0.035437,0
R000907,0.398117,1
R001155,0.378986,1
R003920,0.084404,0
R005738,0.130901,0
R008496,0.146581,0
R008678,0.06212,0
R009450,0.436451,1
R009677,0.390296,1
R001867,0.132268,0
R003972,0.157793,0
R005116,0.224635,1
R005781,0.26738,1
R006103,0.17548,0
R007697,0.412163,1
R008068,0.158517,0
R000781,0.295427,1
R002665,0.252353,1
R005537,0.305459,1
R005761,0.053491,0
R006635,0.222002,1
R006651,0.057084,0
R006685,0.041471,0
R007215,0.391864,1
R008871,0.227386,1
R009089,0.189518,0
R009548,0.049096,0
R001008,0.278991,1
R001262,0.310204,1
R001464,0.251086,1
R001506,0.387379,1
R002492,0.450413,1
R002806,0.141481,0
R003359,0.428202,1
R003389,0.12018,0
R003678,0.330447,1
R004505,0.074318,0
R005675,0.220157,1
R006111,0.280101,1
R007876,0.185951,0
R009507,0.073377,0
R009851,0.33252,1
R001087,0.39683,1
R008126,0.200365,0
R009959,0.147016,0
R000482,0.20906,0
R000938,0.307435,1
R001688,0.430065,1
R001878,0.149423,0
R002101,0.519491,1
R002286,0.309252,1
R002729,0.127768,0
R002756,0.353859,1
R004424,0.24472,1
R009062,0.136401,0
R001243,0.28362,1
R001911,0.20722,0
R001968,0.526251,1
R002182,0.335305,1
R002776,0.261006,1
R003443,0.126047,0
R006510,0.232416,1
R006898,0.178582,0
R007284,0.142091,0
R008544,0.2059,0
R009237,0.470113,1
R009673,0.539982,1
R009722,0.213832,0
R002049,0.343273,1
R002081,0.59384,1
R008739,0.673343,1
R009272,0.334884,1
R000115,0.313098,1
R000250,0.31563,1
R000951,0.152472,0
R001595,0.272524,1
R003082,0.193368,0
R003742,0.062298,0
R004819,0.164206,0
R005126,0.452266,1
R005467,0.622966,1
R006127,0.334041,1
R007327,0.247223,1
R007726,0.135188,0
R008181,0.370716,1
R005025,0.165218,0
R005499,0.159473,0
R005520,0.066342,0
R007319,0.311425,1
R000627,0.28697,1
R001538,0.311941,1
R004513,0.327083,1
R004550,0.098614,0
R005435,0.288286,1
R006624,0.219253,0
R007004,0.210398,0
R009346,0.159892,0
R000540,0.286968,1
R000842,0.251642,1
R001993,0.47508,1
R003081,0.265432,1
R004180,0.250851,1
R005083,0.287397,1
R005833,0.172,0
R007623,0.232127,1
R007953,0.66648,1
R008342,0.449877,1
R008793,0.364213,1
R000324,0.271904,1
R001328,0.381075,1
R001339,0.440522,1
R002348,0.330461,1
R005151,0.109707,0
R005284,0.371241,1
R005882,0.109519,0
R006591,0.342066,1
R006785,0.398712,1
R008636,0.246661,1
R000665,0.087526,0
R000925,0.061348,0
R002138,0.308794,1
R003070,0.402188,1
R005461,0.363037,1
R005815,0.122078,0
R007845,0.168231,0
R008333,0.281685,1
R009256,0.319688,1
R000952,0.287254,1
R001295,0.240398,1
R001979,0.14488,0
R002820,0.275211,1
R003571,0.137368,0
R003634,0.33283,1
R006086,0.094255,0
R007228,0.225259,1
R007956,0.220537,1
R000188,0.192332,0
R000634,0.256868,1
R002764,0.544749,1
R003541,0.148751,0
R007271,0.384861,1
R008406,0.136587,0
R004679,0.538398,1
R005549,0.198498,0
R005685,0.141268,0
R006970,0.414127,1
R007286,0.334067,1
R007490,0.317161,1
R000748,0.165448,0
R002647,0.35442,1
R003025,0.098257,0
R006523,0.215991,0
R007059,0.076216,0
R007813,0.356028,1
R009205,0.35377,1
R001221,0.395441,1
R001265,0.247611,1
R002056,0.333486,1
R003463,0.311767,1
R004414,0.46402,1
R005509,0.263608,1
R006705,0.452131,1
R008450,0.181093,0
R009007,0.10688,0
R009228,0.127142,0
R001682,0.182526,0
R004626,0.093698,0
R004706,0.348652,1
R004741,0.117325,0
R004842,0.28693,1
R002553,0.23393,1
R004715,0.113685,0
R006814,0.394977,1
R007701,0.300137,1
R001264,0.217459,0
R001365,0.138996,0
R003174,0.310235,1
R003207,0.384183,1
R003746,0.252391,1
R003954,0.158832,0
R004913,0.472685,1
R005204,0.031231,0
R005360,0.270479,1
R006383,0.23948,1
R007674,0.074044,0
R001353,0.308786,1
R002128,0.525628,1
R002612,0.525469,1
R003525,0.242712,1
R003951,0.389901,1
R004471,0.490392,1
R008092,0.164988,0
R008315,0.181886,0
R009106,0.256435,1
R000905,0.264319,1
R002824,0.32705,1
R004164,0.285602,1
R005186,0.277848,1
R008176,0.052052,0
R001017,0.548426,1
R003803,0.313659,1
R004158,0.348712,1
R004403,0.31224,1
R005344,0.298721,1
R005427,0.317322,1
R006015,0.107623,0
R008286,0.100353,0
R008289,0.36455,1
R009282,0.28211,1
R009451,0.455926,1
R000248,0.106876,0
R000337,0.349276,1
R002888,0.315609,1
R003706,0.243533,1
R005283,0.240138,1
R006085,0.117963,0
R006092,0.029656,0
R008194,0.269769,1
R008377,0.253514,1
R009474,0.166141,0
R000160,0.04034,0
R002413,0.314858,1
R005473,0.096387,0
R007108,0.345088,1
R009257,0.377002,1
R000780,0.154757,0
R003624,0.135109,0
R003728,0.331145,1
R004120,0.337034,1
R005092,0.280567,1
R005484,0.279699,1
R005796,0.382886,1
R006699,0.342989,1
R001807,0.202567,0
R001916,0.206465,0
R002890,0.109493,0
R003574,0.118781,0
R003926,0.122086,0
R004097,0.278074,1
R004274,0.293785,1
R005970,0.284813,1
R005995,0.117626,0
R009944,0.151043,0
R000449,0.264898,1
R001686,0.183076,0
R001959,0.291546,1
R003488,0.20681,0
R004128,0.39094,1
R006149,0.176315,0
R006820,0.261143,1
R008120,0.408545,1
R009317,0.308774,1
R000310,0.087539,0
R001477,0.227935,1
R002109,0.279277,1
R003001,0.303947,1
R003484,0.150516,0
R003990,0.256354,1
R006992,0.395702,1
R009090,0.212159,0
R009171,0.067074,0
R000577,0.503629,1
R001023,0.366211,1
R004690,0.502352,1
R005004,0.268,1
R005139,0.369775,1
R005243,0.349618,1
R005696,0.177243,0
R006848,0.301972,1
R000216,0.257241,1
R002681,0.063096,0
R003519,0.16073,0
R006716,0.097346,0
R009360,0.441831,1
R000131,0.240715,1
R003523,0.113815,0
R003854,0.237369,1
R005497,0.100829,0
R006363,0.232128,1
R007992,0.306411,1
R009175,0.097288,0
R000385,0.133871,0
R000438,0.076771,0
R003336,0.203697,0
R004697,0.417448,1
R005848,0.441414,1
R005972,0.12881,0
R008619,0.217645,0
R001523,0.555611,1
R003048,0.248413,1
R003622,0.237883,1
R004208,0.360026,1
R005915,0.255717,1
R006158,0.445904,1
R009906,0.324303,1
R001623,0.044534,0
R002045,0.214658,0
R002743,0.357422,1
R004462,0.394159,1
R005854,0.528306,1
R006068,0.321357,1
R008841,0.251296,1
R008892,0.232875,1
R008936,0.11661,0
R000574,0.355857,1
R002763,0.21145,0
R003375,0.109666,0
R003492,0.447033,1
R003988,0.217716,0
R004938,0.29401,1
R005015,0.304122,1
R005038,0.237238,1
R009971,0.070082,0
R009985,0.254865,1
R000621,0.167172,0
R000673,0.10167,0
R002777,0.45653,1
R003481,0.135993,0
R003552,0.289179,1
R004107,0.218879,0
R006034,0.345883,1
R006810,0.240123,1
R007114,0.444896,1
R008933,0.092033,0
R009353,0.198909,0
R009743,0.332976,1
R000339,0.317787,1
R005006,0.112867,0
R006002,0.536716,1
R007360,0.177688,0
R008175,0.43754,1
R008730,0.374257,1
R009181,0.317246,1
R009472,0.573769,1
R009517,0.363377,1
R000180,0.054966,0
R001039,0.359217,1
R001069,0.193502,0
R004798,0.182039,0
R004801,0.270718,1
R005887,0.222037,1
R006457,0.344907,1
R006594,0.294223,1
R006755,0.469671,1
R008320,0.22296,1
R009397,0.275235,1
R009445,0.130475,0
R000848,0.121975,0
R000937,0.248832,1
R002632,0.13552,0
R003139,0.252192,1
R005229,0.051262,0
R007612,0.250278,1
R007949,0.338509,1
R009447,0.126648,0
R009634,0.188841,0
R000239,0.494181,1
R000614,0.241583,1
R001801,0.393768,1
R002364,0.340321,1
R002469,0.409366,1
R004214,0.311967,1
R005313,0.144995,0
R005490,0.400999,1
R005938,0.317418,1
R006662,0.142901,0
R007187,0.216951,0
R007467,0.168489,0
R001364,0.379318,1
R001999,0.41905,1
R002015,0.044241,0
R004470,0.07448,0
R005521,0.092893,0
R006966,0.235647,1
R008481,0.337838,1
R002487,0.273072,1
R002919,0.171856,0
R003811,0.1313,0
R005669,0.261889,1
R007064,0.130415,0
R007339,0.164798,0
R008392,0.238683,1
R008624,0.369306,1
R002713,0.220113,1
R007293,0.3412,1
R007440,0.105335,0
R007833,0.378358,1
R008214,0.277546,1
R002540,0.276923,1
R003253,0.324083,1
R005403,0.347098,1
R006735,0.444056,1
R007137,0.163621,0
R002969,0.43863,1
R003370,0.293444,1
R003451,0.277926,1
R005751,0.256164,1
R005752,0.126684,0
R006090,0.116866,0
R007394,0.172148,0
R008273,0.168439,0
R008861,0.14567,0
R009586,0.25494,1
R000502,0.070507,0
R000537,0.17948,0
R002797,0.601156,1
R004143,0.116736,0
R005959,0.3569,1
R007574,0.082054,0
R008786,0.370345,1
R008904,0.363107,1
R000364,0.353647,1
R001273,0.334656,1
R002589,0.491203,1
R003586,0.111624,0
R003880,0.273198,1
R004756,0.536864,1
R006414,0.162533,0
R006601,0.457159,1
R007885,0.190365,0
R008430,0.158745,0
R008803,0.260214,1
R009241,0.306113,1
R009558,0.289337,1
R009631,0.156586,0
R000345,0.266478,1
R001454,0.149922,0
R003058,0.338541,1
R003683,0.398292,1
R004126,0.350187,1
R004484,0.330215,1
R005029,0.117046,0
R005214,0.531591,1
R005829,0.202499,0
R006096,0.165997,0
R007652,0.30566,1
R007722,0.204069,0
R008631,0.460261,1
R009632,0.186631,0
R001577,0.182461,0
R004686,0.307375,1
R006116,0.397882,1
R007797,0.289386,1
R009701,0.278669,1
R001809,0.427195,1
R001853,0.60796,1
R001903,0.08592,0
R002717,0.270325,1
R004420,0.290367,1
R005119,0.430595,1
R005587,0.257517,1
R007762,0.276679,1
R008013,0.118184,0
R008992,0.305738,1
R009536,0.205291,0
R009680,0.287686,1
R000183,0.124176,0
R000386,0.395443,1
R001244,0.314692,1
R002587,0.289652,1
R005722,0.250013,1
R007898,0.296986,1
R008160,0.219995,0
R008422,0.229402,1
R008848,0.23846,1
R009869,0.477086,1
